Entity;RUB, mln
Sberbank;3461111.0
VEB.RF;1055987.9
RZD;722141.3
Avtodor;527166.5
Rosteh;358418.2
VTB;327377.2
NLK-Finance;273124.1
Ukraine;246000.0
GTLK;235538.40000000002
Gazprombank;203387.9
Avia Capital Services;175389.3
Aeroflot;166442.0
Yamal LNG;153782.80000000002
Territory Development Fund;144374.1
DOM.RF;137000.0
Other RUS issuers;110000.0
Vkontakte (VK);60000.0
Atomenergoprom;57500.0
Mayak FSUE;49700.0
RSHB;25000.0
II-4;4050.0
