Entity;RUB, mln
Sberbank;3587156.1
VEB.RF;1322445.7
RZD;722141.3
VTB;574414.6
Avtodor;517036.99999999994
Rosteh;503485.9
Gazprombank;399102.5
NLK-Finance;251471.3
GTLK;239125.90000000002
Ukraine;231000.0
DOM.RF;222223.8
Avia Capital Services;174815.5
Territory Development Fund;149850.9
Yamal LNG;144405.80000000002
Other RUS issuers;110000.0
Aeroflot;94677.3
Mayak FSUE;63700.0
Vkontakte (VK);60000.0
Atomenergoprom;57500.0
Sovkombank;29635.1
RSHB;25000.0
II-4;4050.0
