Entity;RUB, mln
Sberbank;3647491.5
VEB.RF;1319118.5
RZD;722141.3
VTB;608876.5
Avtodor;521565.1999999999
Rosteh;411912.2
Gazprombank;399042.9
NLK-Finance;258629.5
GTLK;238996.00000000003
Ukraine;231000.0
DOM.RF;225824.9
Avia Capital Services;178472.5
Territory Development Fund;150000.2
Yamal LNG;144405.80000000002
Aeroflot;132061.1
Other RUS issuers;110000.0
Mayak FSUE;63700.0
Vkontakte (VK);60000.0
Atomenergoprom;57500.0
Sovkombank;29573.1
RSHB;25000.0
II-4;4050.0
