Entity;RUB, mln
Sberbank;2632508.8
VEB.RF;751917.8
RZD;722141.3
Avtodor;491806.39999999997
VTB;295606.5
Ukraine;324000.0
NLK-Finance;281087.0
Rosteh;247324.7
GTLK;227910.70000000004
Gazprombank;203387.9
Yamal LNG;202543.2
Avia Capital Services;175389.3
Other RUS issuers;199700.0
Territory Development Fund;143435.7
DOM.RF;137000.0
Aeroflot;126433.5
Vkontakte (VK);60000.0
Atomenergoprom;57500.0
RSHB;25000.0
II-4;4050.0
