Entity;RUB, mln
Sberbank;3190971.1
VEB.RF;971312.6906849316
RZD;722141.3
Avtodor;527168.0999999999
Rosteh;358418.2
VTB;313587.3
Ukraine;294000.0
NLK-Finance;277615.6
GTLK;234158.30000000005
Gazprombank;203387.9
Yamal LNG;183789.2
Avia Capital Services;175389.3
Aeroflot;152585.6
Territory Development Fund;144000.1
DOM.RF;137000.0
Other RUS issuers;130000.0
Vkontakte (VK);60000.0
Atomenergoprom;57500.0
Mayak FSUE;49700.0
RSHB;25000.0
II-4;4050.0
