Entity;RUB, mln
Sberbank;3124000.8
VEB.RF;891319.7
RZD;722141.3
Avtodor;527168.0999999999
Rosteh;358418.2
VTB;307090.3
Ukraine;306000.0
NLK-Finance;278420.3
GTLK;234412.40000000002
Gazprombank;203387.9
Yamal LNG;191290.80000000002
Avia Capital Services;175389.3
Territory Development Fund;144000.1
Aeroflot;139533.2
DOM.RF;137000.0
Other RUS issuers;130000.0
Vkontakte (VK);60000.0
Atomenergoprom;57500.0
Mayak FSUE;49700.0
RSHB;25000.0
II-4;4050.0
