Entity;RUB, mln
Sberbank;2895985.5
RZD;722141.3
VEB.RF;690022.5
Avtodor;488755.39999999997
VTB;323244.8
NLK-Finance;285998.0
Ukraine;273000.0
Rosteh;247324.7
GTLK;206991.30000000002
Gazprombank;203387.9
Avia Capital Services;175389.3
Yamal LNG;170661.4
DOM.RF;137000.0
Territory Development Fund;133482.7
Aeroflot;112884.5
Other RUS issuers;97500.0
Vkontakte (VK);60000.0
Atomenergoprom;57500.0
RSHB;25000.0
II-4;4050.0
