Entity;RUB, mln
Sberbank;2708852.7
VEB.RF;752240.9
RZD;722141.3
Avtodor;491806.39999999997
VTB;302454.6
Ukraine;291000.0
NLK-Finance;282107.1
Rosteh;247324.7
GTLK;217029.10000000003
Gazprombank;203387.9
Yamal LNG;181913.80000000002
Avia Capital Services;175389.3
Other RUS issuers;145500.0
Territory Development Fund;141342.3
DOM.RF;137000.0
Aeroflot;127426.6
Vkontakte (VK);60000.0
Atomenergoprom;57500.0
RSHB;25000.0
II-4;4050.0
