Entity;RUB, mln
Sberbank;3549125.4
VEB.RF;1318951.6
RZD;722141.3
VTB;598188.8
Avtodor;522101.0999999999
Rosteh;411912.2
Gazprombank;399042.9
NLK-Finance;259649.6
GTLK;239939.80000000002
Ukraine;228000.0
DOM.RF;207192.9
Avia Capital Services;180191.09999999998
Territory Development Fund;150000.2
Yamal LNG;142530.4
Aeroflot;135915.4
Other RUS issuers;110000.0
Mayak FSUE;63700.0
Vkontakte (VK);60000.0
Atomenergoprom;57500.0
Sovkombank;29573.1
RSHB;25000.0
II-4;4050.0
