Entity;RUB, mln
Sberbank;3531707.6
VEB.RF;1238713.2999999998
RZD;722141.3
Avtodor;527164.8999999999
VTB;398210.1
Rosteh;370209.9
Gazprombank;286442.9
NLK-Finance;268632.6
GTLK;243626.30000000005
Ukraine;246000.0
Avia Capital Services;175389.3
Aeroflot;134520.3
Yamal LNG;153782.80000000002
Territory Development Fund;145034.3
DOM.RF;137000.0
Other RUS issuers;110000.0
Vkontakte (VK);60000.0
Mayak FSUE;58400.0
Atomenergoprom;57500.0
Sovkombank;29565.0
RSHB;25000.0
II-4;4050.0
