Entity;RUB, mln
Sberbank;3482016.3
VEB.RF;1318345.5
RZD;722141.3
VTB;591900.5
Avtodor;522101.0999999999
Rosteh;411912.2
Gazprombank;399042.9
NLK-Finance;260454.3
GTLK;240427.90000000002
Ukraine;234000.0
Avia Capital Services;180191.09999999998
Territory Development Fund;150000.2
Yamal LNG;146281.2
DOM.RF;181368.4
Aeroflot;136719.3
Other RUS issuers;110000.0
Vkontakte (VK);60000.0
Mayak FSUE;63700.0
Atomenergoprom;57500.0
Sovkombank;29565.0
RSHB;25000.0
II-4;4050.0
