Entity;RUB, mln
Sberbank;3057256.3
RZD;722141.3
VEB.RF;690508.4
Avtodor;491806.39999999997
VTB;319768.1
NLK-Finance;282911.8
Ukraine;279000.0
Rosteh;247324.7
GTLK;210547.80000000002
Gazprombank;203387.9
Avia Capital Services;175389.3
Yamal LNG;174412.2
DOM.RF;137000.0
Territory Development Fund;134293.4
Aeroflot;130145.8
Other RUS issuers;129250.0
Vkontakte (VK);60000.0
Atomenergoprom;57500.0
RSHB;25000.0
II-4;4050.0
